Group,N,ECE,MCE,Brier,ECE_ratio
White,1462,0.0208340506671649,0.10237409653783858,0.08188614622817092,1.0
Other,225,0.04521991908450594,0.9457561787364331,0.08971154226859981,2.170481381989433
Hispanic,623,0.03770526572708255,0.2251067396923765,0.15423403988391796,1.8097904401522455
Black,300,0.0765675347491435,0.4600182240821853,0.16209416660300704,3.6751151263069683
