Group,N,TPR,TPR_CI_lower,TPR_CI_upper,FPR,FPR_CI_lower,FPR_CI_upper,PPV,PPV_CI_lower,PPV_CI_upper
White,1462,0.15984629476867793,0.11282789790854308,0.20608150470219436,0.011135422194312508,0.00619171120819596,0.01738921019637546,0.6600442657797808,0.49975490196078437,0.7941365007541478
Other,225,0.2575019381684548,0.07407407407407407,0.4451754385964914,0.005309070470599174,0.0,0.015236316772310042,0.8707068992688266,0.5714285714285714,1.0
Hispanic,623,0.39337361357879025,0.3263100686498856,0.4587304635565929,0.06307711179687576,0.04357798165137615,0.08717796715472075,0.7219900003724393,0.6372304582210242,0.7981333958138083
Black,300,0.29597377562972543,0.20728120516499282,0.3881683355375024,0.09458085413131104,0.052370772824210425,0.13277975711604031,0.5082458515348306,0.34126016260162606,0.6666666666666666
Asian,8,0.7597342472342471,0.25,1.0,0.0,0.0,0.0,1.0,1.0,1.0
