feature,importance
X2MTHETK,0.5010805375774975
X2RTHETK,0.35022732073080604
X1SESQ5,0.30252209009062975
X1MTHETK,0.2876690158914386
X4TCHAPP,0.26553746692099883
X6DCCSSCR,0.11544740734031758
X1RTHETK,0.03807974202666087
X_CHSEX_R,0.0033082883560260784
X2TCHAPP,0.0
X1TCHAPP,0.0
X_RACETH_R,0.0
X12LANGST,0.0
