feature,importance
X2MTHETK,0.5108996477909628
X2RTHETK,0.35226270311147506
X1SESQ5,0.2881593902341178
X1MTHETK,0.28653156506056604
X4TCHAPP,0.2590051216568934
X6DCCSSCR,0.1004726536241393
X1RTHETK,0.0
X1TCHAPP,0.0
X2TCHAPP,0.0
X_CHSEX_R,0.0
X_RACETH_R,0.0
X12LANGST,0.0
