feature,importance
X2MTHETK,0.5010805375774972
X2RTHETK,0.3502273207308059
X1SESQ5,0.3025220900906298
X1MTHETK,0.28766901589143895
X4TCHAPP,0.26553746692099894
X6DCCSSCR,0.11544740734031765
X1RTHETK,0.03807974202666058
X_CHSEX_R,0.0033082883560260775
X2TCHAPP,0.0
X1TCHAPP,0.0
X_RACETH_R,0.0
X12LANGST,0.0
