weight_min,weight_max,weight_mean,weight_median,weight_sd,n_trimmed,cap_value
0.5772431373592227,1.0289596736295383,0.7699317032782944,0.755535164947907,0.07750874296496654,92,1.0289596736295383
