outcome,best_model,auc_roc,accuracy,f1,recall
reading,elastic_net,0.8479939756515917,0.8510248901903368,0.3988183161004431,0.2830188679245283
math,logistic_regression,0.866717786352693,0.8466325036603221,0.4593548387096774,0.3662551440329218
