feature,mean_abs_shap,std_shap
X2MTHETK,0.40965147414613995,0.509550752338166
X2RTHETK,0.25419374863988337,0.34692379287175434
X1SESQ5,0.2529847092765243,0.2937886552541421
X1MTHETK,0.2267518175559159,0.28783739205591863
X4TCHAPP,0.2183516588095102,0.25842042152281486
X6DCCSSCR,0.06690568220506407,0.09701966450998159
X1RTHETK,0.0,0.0
X1TCHAPP,0.0,0.0
X2TCHAPP,0.0,0.0
X_CHSEX_R,0.0,0.0
X_RACETH_R,0.0,0.0
X12LANGST,0.0,0.0
