{
  "model_name": "elastic_net",
  "created_at": "2026-02-12T15:50:42.682603",
  "task": "Binary classification (at-risk prediction)",
  "dataset": "ECLS-K:2011 Public Use File",
  "training": {
    "cv_results": {
      "best_params": {
        "alpha": 0.01,
        "l1_ratio": 0.8
      },
      "best_cv_score": 0.8424123611241038,
      "cv_scores": [
        0.8315416197967478,
        0.8320336867413545,
        0.8320635905560627,
        0.8383763407561767,
        0.839465996286658,
        0.8393795874341151,
        0.8421208114114217,
        0.8423039593157583,
        0.8424123611241038
      ]
    }
  },
  "performance": {
    "auc_roc": 0.8479939756515917,
    "accuracy": 0.8510248901903368,
    "precision": 0.675,
    "recall": 0.2830188679245283,
    "f1": 0.3988183161004431,
    "brier_score": 0.10772356063029814,
    "sensitivity": 0.2830188679245283,
    "specificity": 0.9711751662971175
  },
  "intended_use": "Research on algorithmic fairness in education",
  "limitations": [
    "Trained on single cohort (2010-2016)",
    "Public-use data has some variables suppressed",
    "Should not be used for individual-level decisions"
  ],
  "ethical_considerations": [
    "Fairness across demographic groups must be evaluated",
    "Model may perpetuate existing inequities",
    "Requires careful validation before any deployment"
  ]
}